sampleid,x,y,accessibility
1,838299.4045657933,822947.4133776452,0.0002415008795849254
2,837453.5701110815,821841.6035786706,0.00020616446894940988
3,838295.5348693848,823078.1798934038,0.0002437307014207989
