sampleid,x,y,accessibility,accessibility_relative
1,838299.4046,822947.4134,0.000241501,0.990851289
2,837453.5701,821841.6036,0.000206164,0.84586992
3,838295.5349,823078.1799,0.000243731,1
